Client ID,ZIP Code,cluster_name
210100005,4100,Occasional Customers
210100012,4050,Low-Value Customers
210100033,4300,Occasional Customers
210100051,4465,Medium-Value Customers
210100096,4100,High-Value Customers
210100160,4100,Occasional Customers
210100167,4200,High-Value Customers
210100182,4050,Occasional Customers
210100213,4570,High-Value Customers
210100239,4515,High-Value Customers
210100254,4150,High-Value Customers
210100263,4425,Medium-Value Customers
210100281,4400,High-Value Customers
210100314,4150,High-Value Customers
210100319,4490,Low-Value Customers
210100349,2485,Low-Value Customers
210100362,4480,High-Value Customers
210100369,4000,Low-Value Customers
210100374,4515,Medium-Value Customers
210100410,4485,High-Value Customers
210100424,4050,High-Value Customers
210100455,4400,Occasional Customers
210100458,4450,High-Value Customers
210100460,4150,High-Value Customers
210100474,4300,Medium-Value Customers
210100477,4150,Medium-Value Customers
210100489,4200,High-Value Customers
210100500,4100,Low-Value Customers
210100505,4400,Occasional Customers
210100545,4200,Low-Value Customers
210100673,4450,Occasional Customers
210100674,4505,Medium-Value Customers
210100675,4505,High-Value Customers
210100701,4485,High-Value Customers
210100727,4050,Occasional Customers
210100738,4050,Occasional Customers
210100742,4490,Occasional Customers
210100776,1100,Low-Value Customers
210100804,4470,High-Value Customers
210100848,4435,Low-Value Customers
210100852,4490,Low-Value Customers
210100861,4400,High-Value Customers
210100877,4400,Low-Value Customers
210100888,4100,High-Value Customers
210100916,4400,Occasional Customers
210100928,4490,Low-Value Customers
210100939,4000,High-Value Customers
210100970,4050,Occasional Customers
210101007,4150,Low-Value Customers
210101017,4435,Medium-Value Customers
210101041,4400,Low-Value Customers
210101057,4350,Medium-Value Customers
210101146,4300,Medium-Value Customers
210101149,4049,Medium-Value Customers
210101214,4465,Medium-Value Customers
210101219,4450,High-Value Customers
210101223,4470,Occasional Customers
210101257,4050,High-Value Customers
210101274,4350,Medium-Value Customers
210101285,4000,Occasional Customers
210101290,4450,High-Value Customers
210101320,4150,Medium-Value Customers
210101342,4450,Medium-Value Customers
210101346,4200,Low-Value Customers
210101388,4400,Occasional Customers
210101443,4760,High-Value Customers
210101488,4485,Low-Value Customers
210101502,4050,Low-Value Customers
210101521,4410,Medium-Value Customers
210101523,2414,Low-Value Customers
210101529,4350,Medium-Value Customers
210101534,4400,Low-Value Customers
210101550,4100,Occasional Customers
210101574,4400,High-Value Customers
210101588,4050,High-Value Customers
210101628,4100,Medium-Value Customers
210101629,4465,Medium-Value Customers
210101632,4465,High-Value Customers
210101636,4200,Occasional Customers
210101642,4050,Occasional Customers
210101644,4050,Medium-Value Customers
210101659,4470,High-Value Customers
210101666,4050,High-Value Customers
210101668,4000,Medium-Value Customers
210101669,4200,High-Value Customers
210101678,4760,Medium-Value Customers
210101681,4100,Medium-Value Customers
210101707,4150,High-Value Customers
210101735,3800,Occasional Customers
210101746,4490,High-Value Customers
210101774,4100,Occasional Customers
210101779,4760,High-Value Customers
210101784,4050,High-Value Customers
210101817,4150,High-Value Customers
210101818,4050,Medium-Value Customers
210101821,4100,Medium-Value Customers
210101843,4100,High-Value Customers
210101851,4460,Medium-Value Customers
210101859,4400,Occasional Customers
210101867,4460,High-Value Customers
210101868,4430,High-Value Customers
210101873,4485,High-Value Customers
210101891,4000,Occasional Customers
210101898,4760,High-Value Customers
210101944,4150,Medium-Value Customers
210101946,3700,High-Value Customers
210101961,4420,Medium-Value Customers
210101963,4200,Medium-Value Customers
210101967,4740,Occasional Customers
210101974,4050,Occasional Customers
210102001,4150,Medium-Value Customers
210102014,4000,Occasional Customers
210102042,4100,High-Value Customers
210102047,4760,Medium-Value Customers
210102058,4450,High-Value Customers
210102063,4450,High-Value Customers
210102065,4450,High-Value Customers
210102067,4450,High-Value Customers
210102074,4450,Medium-Value Customers
210102075,4430,High-Value Customers
210102076,4450,Medium-Value Customers
210102103,4445,High-Value Customers
210102104,4000,Occasional Customers
210102107,4580,High-Value Customers
210102108,4740,High-Value Customers
210102120,4050,High-Value Customers
210102123,4050,Medium-Value Customers
210102135,4050,Occasional Customers
210102138,4465,High-Value Customers
210102139,4490,High-Value Customers
210102170,4740,High-Value Customers
210102175,4150,High-Value Customers
210102196,4760,Medium-Value Customers
210102248,4000,Medium-Value Customers
210102249,4825,Low-Value Customers
210102259,4450,Medium-Value Customers
210102310,4450,Occasional Customers
210102323,4490,High-Value Customers
210102326,4200,Medium-Value Customers
210102359,4000,Low-Value Customers
210102371,4200,Medium-Value Customers
210102384,4450,Occasional Customers
210102392,4150,High-Value Customers
210102402,4300,Medium-Value Customers
210102406,4455,Medium-Value Customers
210102413,4050,Medium-Value Customers
210102414,4760,Medium-Value Customers
210102441,4450,High-Value Customers
210102450,4400,High-Value Customers
210102461,4350,Medium-Value Customers
210102462,4300,Medium-Value Customers
210102463,4300,Medium-Value Customers
210102472,4100,Medium-Value Customers
210102477,4000,High-Value Customers
210102488,4475,Medium-Value Customers
210102517,4050,High-Value Customers
210102543,4465,Medium-Value Customers
210102576,4100,Medium-Value Customers
210102600,4350,High-Value Customers
210102621,4440,Low-Value Customers
210102627,4455,High-Value Customers
210102638,4465,High-Value Customers
210102642,4200,Low-Value Customers
210102648,3700,Medium-Value Customers
210102665,4470,Medium-Value Customers
210102672,4470,Occasional Customers
210102681,4000,Low-Value Customers
210102689,4470,Medium-Value Customers
210102710,4470,Medium-Value Customers
210102724,4450,High-Value Customers
210102737,4450,High-Value Customers
210102746,1349,Low-Value Customers
210102747,4460,Low-Value Customers
210102750,4150,Low-Value Customers
210102757,4460,Occasional Customers
210102758,2610,High-Value Customers
210102767,4470,Medium-Value Customers
210102770,4250,High-Value Customers
210102771,4465,Medium-Value Customers
210102791,4465,High-Value Customers
210102794,4400,Medium-Value Customers
210102809,4150,High-Value Customers
210102816,4405,Occasional Customers
210102835,2665,Medium-Value Customers
210102839,4200,High-Value Customers
210102840,4050,Low-Value Customers
210102841,4050,Low-Value Customers
210102848,4490,High-Value Customers
210102853,4150,High-Value Customers
210102861,4100,High-Value Customers
210102862,4100,Medium-Value Customers
210102866,4150,Medium-Value Customers
210102867,4150,Occasional Customers
210102870,4740,High-Value Customers
210102876,4740,Occasional Customers
210102903,4050,Low-Value Customers
210102904,4050,High-Value Customers
210102913,4435,Occasional Customers
210102925,4450,Medium-Value Customers
210102956,4050,Low-Value Customers
210102965,4100,High-Value Customers
210102966,4560,High-Value Customers
210102968,4450,High-Value Customers
210102973,4450,High-Value Customers
210102979,4435,High-Value Customers
210102992,4150,Medium-Value Customers
210102993,4415,Occasional Customers
210103015,4000,Medium-Value Customers
210103022,4050,Low-Value Customers
210103023,4150,Medium-Value Customers
210103024,4000,High-Value Customers
210103032,4400,High-Value Customers
210103033,4400,High-Value Customers
210103037,4400,Low-Value Customers
210103039,4300,Low-Value Customers
210103041,4740,Occasional Customers
210103045,4470,Medium-Value Customers
210103046,4430,Medium-Value Customers
210103050,4415,High-Value Customers
210103051,4510,Low-Value Customers
210103056,4050,High-Value Customers
210103060,4430,High-Value Customers
210103096,4465,Low-Value Customers
210103102,4420,Medium-Value Customers
210103107,4450,Medium-Value Customers
210103114,4250,High-Value Customers
210103116,3700,High-Value Customers
210103121,4300,Medium-Value Customers
210103126,4470,Medium-Value Customers
210103127,4420,High-Value Customers
210103129,4050,Occasional Customers
210103140,4050,Occasional Customers
210103141,4050,High-Value Customers
210103142,4050,High-Value Customers
210103143,4050,High-Value Customers
210103144,4050,Low-Value Customers
210103145,4050,Low-Value Customers
210103146,4050,Medium-Value Customers
210103163,4050,Low-Value Customers
210103164,4050,High-Value Customers
210103165,4050,Low-Value Customers
210103166,4050,High-Value Customers
210103175,4050,Low-Value Customers
210103178,4050,Medium-Value Customers
210103180,4050,Occasional Customers
210103184,4050,Low-Value Customers
210103185,4050,Medium-Value Customers
210103186,4050,High-Value Customers
210103188,4050,Low-Value Customers
210103203,4050,Low-Value Customers
210103206,4050,High-Value Customers
210103214,4435,Low-Value Customers
210103231,4404,High-Value Customers
210103249,4445,High-Value Customers
210103255,4050,High-Value Customers
210103263,4455,High-Value Customers
210103270,4490,High-Value Customers
210103283,4000,Low-Value Customers
210103286,4050,High-Value Customers
210103294,4450,High-Value Customers
210103295,4450,High-Value Customers
210103301,4400,Medium-Value Customers
210103306,4150,High-Value Customers
210103316,4480,High-Value Customers
210103325,4450,High-Value Customers
210103327,4000,Medium-Value Customers
210103341,4150,Medium-Value Customers
210103353,4100,High-Value Customers
210103356,4100,High-Value Customers
210103357,4100,High-Value Customers
210103360,4050,Low-Value Customers
210103361,4050,High-Value Customers
210103363,4050,Low-Value Customers
210103364,4050,Low-Value Customers
210103366,4050,Medium-Value Customers
210103367,4050,Low-Value Customers
210103369,4050,Low-Value Customers
210103380,4050,Medium-Value Customers
210103381,4050,High-Value Customers
210103392,4050,Low-Value Customers
210103396,4050,Medium-Value Customers
210103401,4050,Medium-Value Customers
210103402,4050,Low-Value Customers
210103403,4050,High-Value Customers
210103406,4050,Low-Value Customers
210103421,4050,Low-Value Customers
210103422,4050,Low-Value Customers
210103423,4050,Low-Value Customers
210103425,4050,High-Value Customers
210103442,4450,Medium-Value Customers
210103452,4400,Medium-Value Customers
210103461,4050,Low-Value Customers
210103463,4100,High-Value Customers
210103488,4050,Low-Value Customers
210103497,4050,Low-Value Customers
210103505,4785,High-Value Customers
210103509,4300,High-Value Customers
210103514,4570,Medium-Value Customers
210103526,4400,High-Value Customers
210103535,4410,High-Value Customers
210103542,4400,Occasional Customers
210103545,4150,High-Value Customers
210103554,3810,Occasional Customers
210103555,4500,Occasional Customers
210103562,2420,Low-Value Customers
210103569,4470,High-Value Customers
210103570,4000,High-Value Customers
210103573,4050,Low-Value Customers
210103577,4000,High-Value Customers
210103579,4050,High-Value Customers
210103581,4250,Low-Value Customers
210103582,4450,Occasional Customers
210103588,4470,High-Value Customers
210103589,2665,Low-Value Customers
210103593,4450,Low-Value Customers
210103595,4475,Occasional Customers
210103604,4490,High-Value Customers
210103609,4490,High-Value Customers
210103614,4460,Occasional Customers
210103615,4000,Occasional Customers
210103616,4350,Occasional Customers
210103618,4435,Occasional Customers
210103619,4400,Occasional Customers
210103620,4450,Occasional Customers
210103621,4400,High-Value Customers
210103627,4050,High-Value Customers
210103630,4450,Occasional Customers
210103632,4490,High-Value Customers
210103638,4200,High-Value Customers
210103640,4435,Occasional Customers
210103644,4150,Occasional Customers
210103645,4050,Low-Value Customers
210103648,4050,Low-Value Customers
210103649,4050,Low-Value Customers
210103651,4050,High-Value Customers
210103658,4050,High-Value Customers
210103659,4050,Low-Value Customers
210103660,4050,Low-Value Customers
210103661,4050,Medium-Value Customers
210103662,4050,Occasional Customers
210103664,4050,Low-Value Customers
210103665,4050,High-Value Customers
210103666,5040,Low-Value Customers
210103668,4050,Low-Value Customers
210103669,4050,Low-Value Customers
210103671,4050,Medium-Value Customers
210103673,4050,Low-Value Customers
210103674,4050,Medium-Value Customers
210103677,4050,Low-Value Customers
210103678,4050,High-Value Customers
210103679,4050,Low-Value Customers
210103681,4050,Low-Value Customers
210103682,4050,Low-Value Customers
210103687,4425,Low-Value Customers
210103689,4560,High-Value Customers
210103706,4000,High-Value Customers
210103707,4050,Low-Value Customers
210103708,4050,Low-Value Customers
210103715,4785,High-Value Customers
210103732,4430,High-Value Customers
210103738,4740,High-Value Customers
210103739,4000,Medium-Value Customers
210103744,4535,High-Value Customers
210103747,4535,Occasional Customers
210103748,4535,High-Value Customers
210103751,4760,High-Value Customers
210103757,4450,High-Value Customers
210103758,4450,Occasional Customers
210103770,4050,Low-Value Customers
210103771,4000,High-Value Customers
210103776,4455,Low-Value Customers
210103778,4430,Medium-Value Customers
210103781,4590,Low-Value Customers
210103783,4050,Occasional Customers
210103792,4000,Medium-Value Customers
210103796,4150,High-Value Customers
210103798,4000,Medium-Value Customers
210103801,4420,Medium-Value Customers
210103804,4150,High-Value Customers
210103805,4050,High-Value Customers
210103816,4760,Occasional Customers
210103819,4470,High-Value Customers
210103824,4445,Low-Value Customers
210103828,4740,High-Value Customers
210103830,4455,Occasional Customers
210103835,4050,Medium-Value Customers
210103836,4050,Medium-Value Customers
210103845,4050,Low-Value Customers
210103846,4050,Low-Value Customers
210103847,4050,Medium-Value Customers
210103848,4050,Medium-Value Customers
210103849,4050,Low-Value Customers
210103867,4050,Low-Value Customers
210103868,4050,Low-Value Customers
210103869,4050,Medium-Value Customers
210103870,4050,Medium-Value Customers
210103878,4050,Low-Value Customers
210103879,4050,Low-Value Customers
210103880,4050,Low-Value Customers
210103881,4050,Medium-Value Customers
210103882,4050,Medium-Value Customers
210103883,4050,Low-Value Customers
210103887,4050,High-Value Customers
210103888,4050,Medium-Value Customers
210103889,4050,Low-Value Customers
210103899,4050,Low-Value Customers
210103901,4050,Medium-Value Customers
210103902,4050,Medium-Value Customers
210103903,4050,Low-Value Customers
210103907,4050,Low-Value Customers
210103908,4050,Low-Value Customers
210103909,4050,Medium-Value Customers
210103910,4050,Medium-Value Customers
210103912,4050,High-Value Customers
210103913,4050,Low-Value Customers
210103914,4050,Low-Value Customers
210103915,4050,Medium-Value Customers
210103916,4050,Occasional Customers
210103918,4050,Low-Value Customers
210103919,4050,High-Value Customers
210103920,4050,Low-Value Customers
210103922,4050,Low-Value Customers
210103923,4050,Low-Value Customers
210103930,4050,Medium-Value Customers
210103931,4050,Medium-Value Customers
210103936,4450,High-Value Customers
210103937,4430,High-Value Customers
210103944,4400,High-Value Customers
210103950,4465,Occasional Customers
210103951,4425,High-Value Customers
210103952,4485,Medium-Value Customers
210103953,4440,Occasional Customers
210103954,4440,Medium-Value Customers
210103960,4700,Occasional Customers
210103965,4050,Low-Value Customers
210103969,4000,High-Value Customers
210103973,4885,High-Value Customers
210103990,4404,High-Value Customers
210103991,4400,High-Value Customers
210103993,4050,High-Value Customers
210103998,4520,Low-Value Customers
210103999,4200,Medium-Value Customers
210104000,4425,Occasional Customers
210104009,3830,Occasional Customers
210104010,4520,Occasional Customers
210104022,4425,Occasional Customers
210104026,4590,High-Value Customers
210104027,4475,Low-Value Customers
210104038,4440,Low-Value Customers
210104040,3460,Low-Value Customers
210104044,4000,Medium-Value Customers
210104048,4404,Occasional Customers
210104052,4150,High-Value Customers
210104053,4495,High-Value Customers
210104056,4000,High-Value Customers
210104057,4785,Low-Value Customers
210104058,4710,Occasional Customers
210104059,4760,Occasional Customers
210104060,4450,High-Value Customers
210104071,4560,Occasional Customers
210104074,4800,Low-Value Customers
210104075,4810,Low-Value Customers
210104076,4810,Occasional Customers
210104077,4635,Occasional Customers
210104078,4490,Occasional Customers
210104079,4715,Occasional Customers
210104081,4740,Low-Value Customers
210104082,3885,Low-Value Customers
210104083,4815,Occasional Customers
210104084,4730,Low-Value Customers
210104087,4710,Occasional Customers
210104088,4800,Low-Value Customers
210104089,4500,Occasional Customers
210104090,4435,Low-Value Customers
210104092,4765,Low-Value Customers
210104096,4575,Medium-Value Customers
210104099,4560,Occasional Customers
210104104,4560,Occasional Customers
210104112,4000,Low-Value Customers
210104113,4000,Medium-Value Customers
210104114,4000,Low-Value Customers
210104118,4805,Occasional Customers
210104119,4350,Occasional Customers
210104121,4400,High-Value Customers
210104122,4050,High-Value Customers
210104125,4100,Medium-Value Customers
210104126,4400,High-Value Customers
210104134,4250,High-Value Customers
210104135,3700,Medium-Value Customers
210104141,4560,High-Value Customers
210104143,4900,Occasional Customers
210104144,4200,Low-Value Customers
210104151,4300,Low-Value Customers
210104156,4560,Occasional Customers
210104157,4835,Medium-Value Customers
210104159,4200,High-Value Customers
210104160,4000,Medium-Value Customers
210104162,4400,Low-Value Customers
210104163,4350,High-Value Customers
210104164,4150,High-Value Customers
210104165,4050,Occasional Customers
210104167,4250,Low-Value Customers
210104168,4560,Low-Value Customers
210104169,4610,Low-Value Customers
210104170,5000,Low-Value Customers
210104171,4590,Low-Value Customers
210104172,4750,Low-Value Customers
210104173,4470,Occasional Customers
210104175,3720,Low-Value Customers
210104176,5370,Low-Value Customers
210104177,5400,Low-Value Customers
210104178,3840,Occasional Customers
210104179,5100,Occasional Customers
210104180,4935,Low-Value Customers
210104182,5400,Occasional Customers
210104185,3840,Medium-Value Customers
210104186,3750,Low-Value Customers
210104187,4990,Low-Value Customers
210104188,5000,Low-Value Customers
210104189,4435,Low-Value Customers
210104190,4990,Low-Value Customers
210104191,4820,Occasional Customers
210104195,5400,Low-Value Customers
210104196,3500,Low-Value Customers
210104199,3880,High-Value Customers
210104200,3880,Low-Value Customers
210104206,3830,Occasional Customers
210104211,4485,High-Value Customers
210104213,4050,Low-Value Customers
210104214,5400,High-Value Customers
210104221,4100,Medium-Value Customers
210104225,4400,High-Value Customers
210104226,4400,High-Value Customers
210104228,4050,High-Value Customers
210104232,4490,High-Value Customers
210104235,4050,Low-Value Customers
210104239,4560,Occasional Customers
210104240,4450,High-Value Customers
210104241,4435,High-Value Customers
210104246,4485,Occasional Customers
210104248,4420,Low-Value Customers
210104252,4050,High-Value Customers
210104253,4050,Low-Value Customers
210104254,4050,Low-Value Customers
210104255,4050,Medium-Value Customers
210104256,4050,Low-Value Customers
210104260,4050,High-Value Customers
210104261,4050,Low-Value Customers
210104263,4050,Low-Value Customers
210104264,4050,Low-Value Customers
210104265,4050,Low-Value Customers
210104266,4050,Low-Value Customers
210104268,4050,High-Value Customers
210104269,4050,Medium-Value Customers
210104270,4050,High-Value Customers
210104273,4050,Low-Value Customers
210104276,4050,Low-Value Customers
210104277,4050,High-Value Customers
210104280,4050,Low-Value Customers
210104281,4050,Low-Value Customers
210104283,4050,Low-Value Customers
210104285,4050,Medium-Value Customers
210104286,4050,Medium-Value Customers
210104287,4050,Medium-Value Customers
210104289,4050,Occasional Customers
210104291,4970,Low-Value Customers
210104296,4050,Low-Value Customers
210104299,4515,High-Value Customers
210104304,4430,High-Value Customers
210104310,3880,Low-Value Customers
210104311,3500,Occasional Customers
210104312,3500,Occasional Customers
210104313,3510,Low-Value Customers
210104314,5370,Low-Value Customers
210104316,4811,Low-Value Customers
210104317,4050,Medium-Value Customers
210104319,4560,High-Value Customers
210104326,4400,Occasional Customers
210104330,4450,High-Value Customers
210104331,4460,High-Value Customers
210104337,4100,Low-Value Customers
210104342,4470,Low-Value Customers
210104344,4990,Occasional Customers
210104345,4430,High-Value Customers
210104348,4000,Medium-Value Customers
210104352,4000,Medium-Value Customers
210104363,4000,Low-Value Customers
210104365,4100,Medium-Value Customers
210104369,4780,High-Value Customers
210104370,4050,High-Value Customers
210104376,4904,High-Value Customers
210104379,4800,High-Value Customers
210104380,4490,High-Value Customers
210104384,4455,High-Value Customers
210104389,4480,Low-Value Customers
210104390,4835,Occasional Customers
210104392,4740,High-Value Customers
210104395,4000,High-Value Customers
210104398,4490,High-Value Customers
210104399,4425,Occasional Customers
210104405,4435,High-Value Customers
210104406,4510,Occasional Customers
210104407,4460,High-Value Customers
210104408,4000,High-Value Customers
210104409,4465,Medium-Value Customers
210104410,4420,Medium-Value Customers
210104415,4435,Occasional Customers
210104421,4510,Low-Value Customers
210104422,4435,Occasional Customers
210104424,4400,Low-Value Customers
210104427,4470,High-Value Customers
210104428,4150,Medium-Value Customers
210104430,4400,Occasional Customers
210104431,4300,Occasional Customers
210104432,4200,Occasional Customers
210104434,4200,Occasional Customers
210104435,4450,Occasional Customers
210104439,4715,High-Value Customers
210104441,4405,Occasional Customers
210104443,4000,Low-Value Customers
210104444,4150,Occasional Customers
210104445,4400,Medium-Value Customers
210104446,4100,Occasional Customers
210104452,4510,Low-Value Customers
210104454,4445,Low-Value Customers
210104455,4450,Occasional Customers
210104459,4460,High-Value Customers
210104461,4445,Low-Value Customers
210104463,6300,Occasional Customers
210104464,4770,Low-Value Customers
210104466,6420,Occasional Customers
210104467,4149,High-Value Customers
210104472,4050,Medium-Value Customers
210104473,4445,High-Value Customers
210104474,4050,Medium-Value Customers
210104477,4000,High-Value Customers
210104480,4400,High-Value Customers
210104488,4050,High-Value Customers
210104497,4100,Occasional Customers
210104500,4400,High-Value Customers
210104512,4100,High-Value Customers
210104515,4000,High-Value Customers
210104516,4580,Occasional Customers
210104519,4510,Low-Value Customers
210104521,4050,Medium-Value Customers
210104522,5085,Occasional Customers
210104524,4480,High-Value Customers
210104525,4435,Low-Value Customers
210104529,4485,Low-Value Customers
210104530,4430,Occasional Customers
210104532,4000,High-Value Customers
210104536,4480,Medium-Value Customers
210104537,4480,Low-Value Customers
210104539,4485,Medium-Value Customers
210104541,4480,Medium-Value Customers
210104542,4480,High-Value Customers
210104543,4480,Medium-Value Customers
210104545,4480,Medium-Value Customers
210104547,4480,Medium-Value Customers
210104548,4485,Medium-Value Customers
210104553,4495,Medium-Value Customers
210104554,4495,Medium-Value Customers
210104555,4495,Medium-Value Customers
210104561,4535,High-Value Customers
210104562,4505,High-Value Customers
210104563,4535,High-Value Customers
210104575,4475,Low-Value Customers
210104576,4450,Medium-Value Customers
210104586,4485,Occasional Customers
210104588,4150,Low-Value Customers
210104591,4430,Medium-Value Customers
210104592,4470,Low-Value Customers
210104597,4470,High-Value Customers
210104599,4050,High-Value Customers
210104600,4470,High-Value Customers
210104601,4470,Medium-Value Customers
210104602,4470,Medium-Value Customers
210104603,4470,Medium-Value Customers
210104604,4470,High-Value Customers
210104607,4420,Medium-Value Customers
210104611,4000,Medium-Value Customers
210104618,4400,High-Value Customers
210104622,4050,Medium-Value Customers
210104623,4050,Low-Value Customers
210104625,4050,Occasional Customers
210104626,4050,Low-Value Customers
210104627,4050,High-Value Customers
210104628,4150,Occasional Customers
210104634,4435,High-Value Customers
210104639,4505,High-Value Customers
210104643,4425,Low-Value Customers
210104645,4100,Low-Value Customers
210104668,4100,Occasional Customers
210104669,4400,Occasional Customers
210104670,4400,Occasional Customers
210104671,4575,Medium-Value Customers
210104684,3880,Low-Value Customers
210104685,3880,Low-Value Customers
210104686,3880,Low-Value Customers
210104688,4460,High-Value Customers
210104696,4450,Low-Value Customers
210104697,4710,Low-Value Customers
210104698,4835,Low-Value Customers
210104700,4590,High-Value Customers
210104701,4575,Medium-Value Customers
210104702,4575,Medium-Value Customers
210104721,4490,High-Value Customers
210104722,4710,Low-Value Customers
210104723,4460,Low-Value Customers
210104725,4250,Occasional Customers
210104734,4475,Medium-Value Customers
210104752,4100,Occasional Customers
210104753,4400,High-Value Customers
210104766,4490,High-Value Customers
210104778,4050,High-Value Customers
210104800,4455,High-Value Customers
210104801,4710,Occasional Customers
210104802,4404,Occasional Customers
210104803,4000,Occasional Customers
210104804,4835,Medium-Value Customers
210104805,4400,Medium-Value Customers
210104806,3700,Medium-Value Customers
210104807,4425,Medium-Value Customers
210104808,4700,Occasional Customers
210104809,4435,Medium-Value Customers
210104810,4835,Medium-Value Customers
210104811,4350,Medium-Value Customers
210104812,4464,Medium-Value Customers
210104813,4485,Medium-Value Customers
210104814,4000,High-Value Customers
210104815,4435,Low-Value Customers
210104817,4430,High-Value Customers
210104818,4785,High-Value Customers
210104820,4000,Medium-Value Customers
210104821,3880,Low-Value Customers
210104822,4520,Low-Value Customers
210104823,4400,Low-Value Customers
210104824,3800,Low-Value Customers
210104826,3810,Low-Value Customers
210104828,4435,Low-Value Customers
210104829,4200,Low-Value Customers
210104830,4404,Low-Value Customers
210104840,4200,Low-Value Customers
210104849,4430,Low-Value Customers
210104854,4400,Occasional Customers
210104857,4400,High-Value Customers
210104860,4400,Medium-Value Customers
210104861,4400,Medium-Value Customers
210104866,4510,Medium-Value Customers
210104870,4000,Medium-Value Customers
210104873,4470,Medium-Value Customers
210104885,3460,Occasional Customers
210104886,4400,Low-Value Customers
210104888,4430,Low-Value Customers
210104892,4400,Occasional Customers
210104898,4050,High-Value Customers
210104901,4410,High-Value Customers
210104904,4050,High-Value Customers
210104905,4050,High-Value Customers
210104913,4460,Medium-Value Customers
210104921,4520,Occasional Customers
210104927,4050,High-Value Customers
210104930,4490,Medium-Value Customers
210104931,4000,Low-Value Customers
210104935,4000,Low-Value Customers
210104936,4400,Low-Value Customers
210104939,4200,Medium-Value Customers
210104940,4490,Medium-Value Customers
210104942,4490,High-Value Customers
210104943,4485,High-Value Customers
210104944,4485,Low-Value Customers
210104945,4485,Low-Value Customers
210104946,4425,High-Value Customers
210104950,4560,Low-Value Customers
210104958,4470,Low-Value Customers
210104960,4750,Low-Value Customers
210104972,4430,High-Value Customers
210104979,4400,Occasional Customers
210104980,4460,Low-Value Customers
210104983,4400,High-Value Customers
210104988,4730,Low-Value Customers
210104993,4455,Occasional Customers
210104998,4100,Low-Value Customers
210105014,4425,Low-Value Customers
210105017,4795,High-Value Customers
210105019,4825,Occasional Customers
210105020,4825,Low-Value Customers
210105022,4825,Low-Value Customers
210105023,4780,Low-Value Customers
210105024,4780,Low-Value Customers
210105025,4780,Low-Value Customers
210105026,4780,Low-Value Customers
210105027,4780,Low-Value Customers
210105028,4825,Low-Value Customers
210105030,4825,Low-Value Customers
210105031,4780,High-Value Customers
210105032,4780,High-Value Customers
210105036,4795,Occasional Customers
210105037,4795,Low-Value Customers
210105038,4795,Low-Value Customers
210105045,4490,High-Value Customers
210105054,4785,High-Value Customers
210105055,2675,Low-Value Customers
210105057,4450,High-Value Customers
210105076,4400,Low-Value Customers
210105077,4050,High-Value Customers
210105080,4475,Occasional Customers
210105090,4400,High-Value Customers
210105091,4200,High-Value Customers
210105096,4050,High-Value Customers
210105097,4050,Low-Value Customers
210105098,4050,Low-Value Customers
210105099,4490,High-Value Customers
210105102,4410,Occasional Customers
210105104,4464,Low-Value Customers
210105105,3810,High-Value Customers
210105106,4050,Low-Value Customers
210105107,4050,High-Value Customers
210105110,4050,High-Value Customers
210105111,4050,Low-Value Customers
210105112,4050,Occasional Customers
210105113,4050,Medium-Value Customers
210105114,4050,Low-Value Customers
210105115,4050,Medium-Value Customers
210105116,4520,Low-Value Customers
210105118,4460,High-Value Customers
210105119,4460,Occasional Customers
210105120,4450,High-Value Customers
210105122,4150,Occasional Customers
210105123,4810,Low-Value Customers
210105124,4000,High-Value Customers
210105125,4470,High-Value Customers
210105129,4475,Occasional Customers
210105134,4600,Low-Value Customers
210105139,4150,Medium-Value Customers
210105141,4900,Medium-Value Customers
210105145,4050,High-Value Customers
210105148,4050,Low-Value Customers
210105149,4050,High-Value Customers
210105151,4150,High-Value Customers
210105152,4935,High-Value Customers
210105165,4000,Low-Value Customers
210105172,4000,Occasional Customers
210105173,4485,High-Value Customers
210105175,4490,Low-Value Customers
210105182,4000,Medium-Value Customers
210105184,4585,High-Value Customers
210105185,4435,High-Value Customers
210105186,3720,Occasional Customers
210105194,4410,Low-Value Customers
210105195,4050,Medium-Value Customers
210105196,4460,High-Value Customers
210105198,4250,High-Value Customers
210105200,4200,High-Value Customers
210105202,4425,Medium-Value Customers
210105203,4470,Medium-Value Customers
210105205,4785,High-Value Customers
210105209,4050,High-Value Customers
210105215,4435,Medium-Value Customers
210105216,4410,Low-Value Customers
210105217,4200,Medium-Value Customers
210105220,4430,High-Value Customers
210105221,4455,High-Value Customers
210105223,4000,Low-Value Customers
210105224,4810,Low-Value Customers
210105226,4150,High-Value Customers
210105228,4200,High-Value Customers
210105229,4710,High-Value Customers
210105230,4430,High-Value Customers
210105232,4760,High-Value Customers
210105240,4050,High-Value Customers
210105242,4050,High-Value Customers
210105243,4050,High-Value Customers
210105244,4050,High-Value Customers
210105247,4050,High-Value Customers
210105254,4300,Low-Value Customers
210105261,4460,Occasional Customers
210105262,4050,Occasional Customers
210105264,4404,Medium-Value Customers
210105272,4470,High-Value Customers
210105282,3830,Low-Value Customers
210105285,4740,Medium-Value Customers
210105286,4450,Low-Value Customers
210105287,4700,Low-Value Customers
210105298,4485,High-Value Customers
210105302,4900,Low-Value Customers
210105303,4490,Low-Value Customers
210105304,4480,Low-Value Customers
210105327,4050,High-Value Customers
210105328,4050,High-Value Customers
210105332,4050,High-Value Customers
210105334,4450,High-Value Customers
210105337,4400,High-Value Customers
210105338,4050,Low-Value Customers
210105340,4480,Medium-Value Customers
210105341,4480,Medium-Value Customers
210105345,4000,Occasional Customers
210105349,4835,High-Value Customers
210105350,4740,High-Value Customers
210105352,4450,Medium-Value Customers
210105353,3800,High-Value Customers
210105355,4900,Medium-Value Customers
210105362,4430,High-Value Customers
210105363,4440,Low-Value Customers
210105365,4455,High-Value Customers
210105368,4300,Low-Value Customers
210105369,3880,Low-Value Customers
210105370,4000,High-Value Customers
210105381,3700,High-Value Customers
210105383,4485,Low-Value Customers
210105384,4400,Occasional Customers
210105385,4050,High-Value Customers
210105388,4490,High-Value Customers
210105395,4000,Occasional Customers
210105398,4430,Occasional Customers
210105399,4000,High-Value Customers
210105400,4610,High-Value Customers
210105401,4480,High-Value Customers
210105413,3700,High-Value Customers
210105415,4590,Medium-Value Customers
210105416,4000,Medium-Value Customers
210105417,4495,Medium-Value Customers
210105421,4000,Low-Value Customers
210105422,4440,High-Value Customers
210105425,4520,Low-Value Customers
210105426,4480,Low-Value Customers
210105427,3810,Low-Value Customers
210105428,4900,Low-Value Customers
210105430,4050,High-Value Customers
210105431,4050,High-Value Customers
210105445,4450,Low-Value Customers
210105448,4450,Low-Value Customers
210105450,4434,High-Value Customers
210105456,4400,High-Value Customers
210105457,4400,Low-Value Customers
210105458,4400,Low-Value Customers
210105459,4400,Low-Value Customers
210105460,4400,Low-Value Customers
210105461,4400,Low-Value Customers
210105462,4400,Low-Value Customers
210105464,4450,High-Value Customers
210105468,4000,Occasional Customers
210105470,4404,Occasional Customers
210105472,4050,Occasional Customers
210105481,4700,Occasional Customers
210105484,4470,Medium-Value Customers
210105486,3700,Occasional Customers
210105487,3700,High-Value Customers
210105489,4465,Low-Value Customers
210105494,4750,High-Value Customers
210105497,4535,Medium-Value Customers
210105501,4000,High-Value Customers
210105502,4000,High-Value Customers
210105503,4740,Medium-Value Customers
210105508,4740,Medium-Value Customers
210105509,3730,Medium-Value Customers
210105510,4450,High-Value Customers
210105511,4400,High-Value Customers
210105512,3720,Medium-Value Customers
210105513,4100,High-Value Customers
210105514,4350,Medium-Value Customers
210105515,4450,Medium-Value Customers
210105516,4400,Medium-Value Customers
210105517,3700,Medium-Value Customers
210105518,4430,Medium-Value Customers
210105519,4405,Occasional Customers
210105520,4460,High-Value Customers
210105522,4490,Medium-Value Customers
210105523,4200,Occasional Customers
210105524,4464,Medium-Value Customers
210105525,4710,Medium-Value Customers
210105526,4435,Medium-Value Customers
210105527,4485,Medium-Value Customers
210105528,4835,Medium-Value Customers
210105529,4000,Medium-Value Customers
210105530,3810,Medium-Value Customers
210105531,3810,Medium-Value Customers
210105535,4450,Medium-Value Customers
210105539,4705,Low-Value Customers
210105540,4430,High-Value Customers
210105542,4784,High-Value Customers
210105544,4200,Low-Value Customers
210105545,4740,Medium-Value Customers
210105546,4400,High-Value Customers
210105548,4460,High-Value Customers
210105549,4350,High-Value Customers
210105551,4050,High-Value Customers
210105552,4460,High-Value Customers
210105555,4470,Low-Value Customers
210105556,4050,Occasional Customers
210105558,3830,Low-Value Customers
210105559,3830,Medium-Value Customers
210105561,4050,Medium-Value Customers
210105562,4050,Medium-Value Customers
210105564,3860,High-Value Customers
210105568,4740,High-Value Customers
210105569,4740,High-Value Customers
210105570,4050,Medium-Value Customers
210105571,4100,High-Value Customers
210105574,4450,High-Value Customers
210105577,3510,Low-Value Customers
210105579,4050,High-Value Customers
210105580,4300,Occasional Customers
210105581,4200,Low-Value Customers
210105583,4450,Medium-Value Customers
210105587,4470,Occasional Customers
210105591,4740,Low-Value Customers
210105595,4465,High-Value Customers
210105597,4445,High-Value Customers
210105598,4415,Medium-Value Customers
210105599,3810,High-Value Customers
210105600,4050,High-Value Customers
210105601,4435,High-Value Customers
210105604,3770,Medium-Value Customers
210105605,4000,Medium-Value Customers
210105609,4480,High-Value Customers
210105610,4100,Low-Value Customers
210105611,4050,High-Value Customers
210105614,3850,High-Value Customers
210105615,3850,High-Value Customers
210105616,3850,Medium-Value Customers
210105617,3850,Medium-Value Customers
210105619,4100,High-Value Customers
210105620,4000,High-Value Customers
210105621,4450,High-Value Customers
210105623,4450,High-Value Customers
210105624,3870,High-Value Customers
210105625,3870,Medium-Value Customers
210105628,4250,Low-Value Customers
210105629,4400,Occasional Customers
210105630,4435,High-Value Customers
210105631,4435,Medium-Value Customers
210105633,4200,High-Value Customers
210105644,4795,Low-Value Customers
210105645,4795,Occasional Customers
210105646,4780,Medium-Value Customers
210105649,4560,Medium-Value Customers
210105650,4000,Medium-Value Customers
210105652,4000,High-Value Customers
210105653,4000,High-Value Customers
210105654,4200,Low-Value Customers
210105655,4435,Medium-Value Customers
210105660,4460,Low-Value Customers
210105665,3880,Low-Value Customers
210105666,3880,Low-Value Customers
210105668,3880,Low-Value Customers
210105669,3880,Low-Value Customers
210105672,3885,Occasional Customers
210105673,4200,Low-Value Customers
210105676,4000,High-Value Customers
210105680,4435,High-Value Customers
210105681,4465,High-Value Customers
210105684,4485,High-Value Customers
210105686,4490,High-Value Customers
210105687,4465,High-Value Customers
210105688,4450,Low-Value Customers
210105694,4050,Low-Value Customers
210105695,4400,Medium-Value Customers
210105696,4440,Low-Value Customers
210105700,4400,Low-Value Customers
210105701,4785,Medium-Value Customers
210105702,3750,Medium-Value Customers
210105706,4100,Low-Value Customers
210105707,3860,High-Value Customers
210105708,4100,High-Value Customers
210105709,4510,High-Value Customers
210105710,4150,Occasional Customers
210105711,4150,Medium-Value Customers
210105712,4200,Occasional Customers
210105713,4000,High-Value Customers
210105715,4450,Occasional Customers
210105718,4000,Low-Value Customers
210105719,4435,High-Value Customers
210105721,4400,Medium-Value Customers
210105725,4000,High-Value Customers
210105726,4455,High-Value Customers
210105727,4450,High-Value Customers
210105728,4740,High-Value Customers
210105730,4490,High-Value Customers
210105736,4150,Occasional Customers
210105737,4450,High-Value Customers
210105738,4480,High-Value Customers
210105739,4935,Occasional Customers
210105741,4430,High-Value Customers
210105742,4900,High-Value Customers
210105743,4450,Medium-Value Customers
210105744,4505,Occasional Customers
210105749,4050,Low-Value Customers
210105750,4400,Low-Value Customers
210105752,4450,High-Value Customers
210105753,4000,High-Value Customers
210105754,4050,Medium-Value Customers
210105758,4490,High-Value Customers
210105759,4000,Occasional Customers
210105760,4700,High-Value Customers
210105763,4400,Low-Value Customers
210105764,4435,Low-Value Customers
210105765,4050,High-Value Customers
210105766,4485,Low-Value Customers
210105768,4435,High-Value Customers
210105769,4200,High-Value Customers
210105770,4805,Low-Value Customers
210105771,4200,Occasional Customers
210105772,4000,Occasional Customers
210105779,4460,Low-Value Customers
210105780,4050,Low-Value Customers
210105781,4470,High-Value Customers
210105782,4000,High-Value Customers
210105783,4450,High-Value Customers
210105786,4460,Occasional Customers
210105791,4450,High-Value Customers
210105795,4535,High-Value Customers
210105797,4480,Occasional Customers
210105798,4400,Medium-Value Customers
210105800,4000,High-Value Customers
210105801,4410,High-Value Customers
210105803,4490,Medium-Value Customers
210105804,4450,Medium-Value Customers
210105806,4200,Low-Value Customers
210105807,4435,High-Value Customers
210105808,4485,Low-Value Customers
210105811,5100,Low-Value Customers
210105814,4435,High-Value Customers
210105816,4400,High-Value Customers
210105817,3700,High-Value Customers
210105818,4700,High-Value Customers
210105819,4425,High-Value Customers
210105820,4750,High-Value Customers
210105822,4420,Occasional Customers
210105825,4440,Medium-Value Customers
210105826,4820,High-Value Customers
210105831,4050,High-Value Customers
210105832,4400,Occasional Customers
210105835,3720,Low-Value Customers
210105836,4500,Occasional Customers
210105848,4450,Low-Value Customers
210105849,4100,Low-Value Customers
210105850,4000,Medium-Value Customers
210105851,4050,Medium-Value Customers
210105855,4050,High-Value Customers
210105869,4935,Occasional Customers
210105871,4435,High-Value Customers
210105873,4455,High-Value Customers
210105874,4100,High-Value Customers
210105877,4480,High-Value Customers
210105878,4435,Medium-Value Customers
210105879,4050,High-Value Customers
210105880,4050,Low-Value Customers
210105881,4450,Medium-Value Customers
210105882,4050,High-Value Customers
210105883,4000,Occasional Customers
210105884,4450,Low-Value Customers
210105891,4400,Occasional Customers
210105893,4150,High-Value Customers
210105895,4490,High-Value Customers
210105896,3850,Medium-Value Customers
210105897,4400,High-Value Customers
210105900,4450,Medium-Value Customers
210105901,4050,High-Value Customers
210105902,4200,Occasional Customers
210105903,4475,Low-Value Customers
210105907,3885,Low-Value Customers
210105909,3885,Low-Value Customers
210105912,4630,High-Value Customers
210105913,4630,High-Value Customers
210105914,4630,Medium-Value Customers
210105915,4630,Occasional Customers
210105916,4630,Occasional Customers
210105917,4630,Occasional Customers
210105918,4630,High-Value Customers
210105919,4890,High-Value Customers
210105920,4510,Low-Value Customers
210105923,4455,High-Value Customers
210105925,4050,Low-Value Customers
210105927,4350,High-Value Customers
210105929,4050,Medium-Value Customers
210105931,4470,High-Value Customers
210105932,4705,High-Value Customers
210105933,4520,High-Value Customers
210105934,4300,High-Value Customers
210105935,4925,High-Value Customers
210105936,4149,High-Value Customers
210105937,4150,High-Value Customers
210105938,4710,Low-Value Customers
210105939,4800,Low-Value Customers
210105940,3850,High-Value Customers
210105941,3800,High-Value Customers
210105942,4300,Low-Value Customers
210105943,4450,High-Value Customers
210105944,4470,Low-Value Customers
210105945,4470,High-Value Customers
210105946,3880,Occasional Customers
210105948,4780,High-Value Customers
210105949,4835,High-Value Customers
210105950,4050,Occasional Customers
210105951,4475,Medium-Value Customers
210105952,4810,High-Value Customers
210105953,4760,High-Value Customers
210105955,4780,Occasional Customers
210105956,4400,Medium-Value Customers
210105960,4000,High-Value Customers
210105962,4815,Occasional Customers
210105964,4050,Low-Value Customers
210105967,4420,Medium-Value Customers
210105969,3004,Low-Value Customers
210105970,4490,High-Value Customers
210105971,4580,Medium-Value Customers
210105972,4050,High-Value Customers
210105974,4705,Medium-Value Customers
210105978,4445,High-Value Customers
210105979,4450,High-Value Customers
210105980,4050,Medium-Value Customers
210105982,4450,High-Value Customers
210105983,4475,High-Value Customers
210105984,4435,High-Value Customers
210105986,4300,High-Value Customers
210105987,4000,High-Value Customers
210105988,4435,Occasional Customers
210105989,4580,Occasional Customers
210105990,4580,Low-Value Customers
210105991,4780,Occasional Customers
210105992,4810,High-Value Customers
210105993,4800,Medium-Value Customers
210105997,4300,Occasional Customers
210105999,4485,Low-Value Customers
210106001,4455,Low-Value Customers
210106002,4450,Occasional Customers
210106003,4450,High-Value Customers
210106015,4810,High-Value Customers
210106017,4100,High-Value Customers
210106019,4430,Low-Value Customers
210106020,4460,Medium-Value Customers
210106022,4490,High-Value Customers
210106023,4250,High-Value Customers
210106024,4760,High-Value Customers
210106026,4490,High-Value Customers
210106027,4450,Low-Value Customers
210106029,4410,High-Value Customers
210106031,4404,High-Value Customers
210106032,4000,High-Value Customers
210106033,4460,Medium-Value Customers
210106034,4560,High-Value Customers
210106035,4480,Medium-Value Customers
210106036,4445,High-Value Customers
210106039,4450,Occasional Customers
210106042,4740,High-Value Customers
210106043,4700,Occasional Customers
210106045,4835,Occasional Customers
210106046,4810,Occasional Customers
210106047,4050,Medium-Value Customers
210106048,4815,Occasional Customers
210106050,4770,High-Value Customers
210106051,4410,High-Value Customers
210106052,4560,Occasional Customers
210106053,4560,Medium-Value Customers
210106054,4560,Occasional Customers
210106055,4490,High-Value Customers
210106056,4485,High-Value Customers
210106058,4405,High-Value Customers
210106059,4000,High-Value Customers
210106060,4700,High-Value Customers
210106061,4440,Low-Value Customers
210106062,4585,High-Value Customers
210106063,4580,Medium-Value Customers
210106065,4415,Occasional Customers
210106066,4760,Low-Value Customers
210106067,4445,Low-Value Customers
210106068,4590,High-Value Customers
210106069,4460,High-Value Customers
210106070,4785,Occasional Customers
210106071,4430,High-Value Customers
210106072,4475,Medium-Value Customers
210106074,4250,High-Value Customers
210106075,4400,High-Value Customers
210106077,4810,High-Value Customers
210106079,4585,Low-Value Customers
210106080,4050,Occasional Customers
210106084,4525,High-Value Customers
210106086,4475,Medium-Value Customers
210106087,4000,High-Value Customers
210106089,4149,High-Value Customers
210106090,4400,High-Value Customers
210106091,4400,High-Value Customers
210106092,4400,Low-Value Customers
210106093,4400,High-Value Customers
210106094,4525,Occasional Customers
210106095,4760,Occasional Customers
210106096,4050,High-Value Customers
210106098,4460,Low-Value Customers
210106099,4050,Low-Value Customers
210106100,4430,High-Value Customers
210106101,4430,Occasional Customers
210106102,4705,Medium-Value Customers
210106103,4480,High-Value Customers
210106105,4760,High-Value Customers
210106106,4050,Low-Value Customers
210106108,4740,Medium-Value Customers
210106110,4350,Low-Value Customers
210106111,4430,Medium-Value Customers
210106113,5100,Occasional Customers
210106114,5150,Occasional Customers
210106115,4780,Medium-Value Customers
210106116,4760,Occasional Customers
210106117,4000,Occasional Customers
210106118,4520,Occasional Customers
210106119,4450,High-Value Customers
210106120,4415,High-Value Customers
210106122,4490,High-Value Customers
210106123,4100,Low-Value Customers
210106124,4740,High-Value Customers
210106125,4400,Low-Value Customers
210106126,4620,Medium-Value Customers
210106128,4520,High-Value Customers
210106129,4464,Medium-Value Customers
210106130,4150,Occasional Customers
210106131,4700,High-Value Customers
210106132,4465,Low-Value Customers
210106134,4000,High-Value Customers
210106135,4000,High-Value Customers
210106137,4000,Occasional Customers
210106138,4000,Occasional Customers
210106139,4935,High-Value Customers
210106140,4430,Medium-Value Customers
210106141,3720,High-Value Customers
210106142,4100,Occasional Customers
210106143,4760,Occasional Customers
210106144,3700,High-Value Customers
210106145,3700,High-Value Customers
210106146,3040,Low-Value Customers
210106148,4400,Occasional Customers
210106149,4100,High-Value Customers
210106150,4450,High-Value Customers
210106152,4485,Low-Value Customers
210106153,4630,High-Value Customers
210106156,4050,High-Value Customers
210106163,4404,Occasional Customers
210106166,4450,Low-Value Customers
210106167,4200,High-Value Customers
210106168,4700,Medium-Value Customers
210106169,4000,High-Value Customers
210106170,4100,Low-Value Customers
210106173,4050,Occasional Customers
210106174,4000,Occasional Customers
210106175,4740,High-Value Customers
210106177,4460,Occasional Customers
210106180,4050,High-Value Customers
210106181,4050,High-Value Customers
210106182,4404,High-Value Customers
210106183,4150,Low-Value Customers
210106184,4435,High-Value Customers
210106186,4445,Medium-Value Customers
210106187,4050,High-Value Customers
210106188,4050,Medium-Value Customers
210106189,4050,Low-Value Customers
210106191,4050,Occasional Customers
210106192,4050,High-Value Customers
210106193,4050,Low-Value Customers
210106194,4050,Low-Value Customers
210106195,4405,Occasional Customers
210106196,4000,High-Value Customers
210106197,4050,Occasional Customers
210106199,4715,Occasional Customers
210106200,4050,High-Value Customers
210106201,4050,High-Value Customers
210106203,3700,High-Value Customers
210106206,4475,Low-Value Customers
210106207,4500,Occasional Customers
210106208,5050,Low-Value Customers
210106210,4475,Low-Value Customers
210106213,4000,High-Value Customers
210106214,4000,High-Value Customers
210106215,4250,Medium-Value Customers
210106216,4000,Medium-Value Customers
210106217,4150,Medium-Value Customers
210106220,3810,Low-Value Customers
210106221,4480,High-Value Customers
210106222,4405,High-Value Customers
210106223,4465,Low-Value Customers
210106224,4455,Occasional Customers
210106225,4760,Occasional Customers
210106226,4520,High-Value Customers
210106227,4425,Occasional Customers
210106229,4770,Occasional Customers
210106230,4465,Low-Value Customers
210106231,4465,High-Value Customers
210106234,4455,Low-Value Customers
210106236,4485,Low-Value Customers
210106237,3810,Medium-Value Customers
210106241,4810,High-Value Customers
210106242,4050,Occasional Customers
210106243,3880,Low-Value Customers
210106244,4050,Low-Value Customers
210106245,4200,High-Value Customers
210106246,4700,Low-Value Customers
210106247,4710,Medium-Value Customers
210106248,4000,Occasional Customers
210106249,4760,High-Value Customers
210106250,4000,Occasional Customers
210106251,4000,High-Value Customers
210106252,4450,Medium-Value Customers
210106253,4400,Medium-Value Customers
210106254,4400,Occasional Customers
210106256,4900,Medium-Value Customers
210106258,4905,Low-Value Customers
210106259,5400,Low-Value Customers
210106260,4000,Occasional Customers
210106261,4050,High-Value Customers
210106262,4000,Low-Value Customers
210106263,4000,High-Value Customers
210106264,4900,High-Value Customers
210106265,4350,Occasional Customers
210106267,4430,Low-Value Customers
210106268,4050,High-Value Customers
210106269,4755,High-Value Customers
210106270,4000,Low-Value Customers
210106271,4150,Low-Value Customers
210106272,4900,Medium-Value Customers
210106273,4405,High-Value Customers
210106274,4450,Occasional Customers
210106275,4420,High-Value Customers
210106276,4000,High-Value Customers
210106277,4470,Low-Value Customers
210106278,4000,High-Value Customers
210106279,4425,High-Value Customers
210106280,4785,Occasional Customers
210106282,4150,Occasional Customers
210106283,4150,Low-Value Customers
210106285,4150,Low-Value Customers
210106286,4150,Low-Value Customers
210106288,4150,Low-Value Customers
210106290,4485,High-Value Customers
210106292,3885,High-Value Customers
210106293,4100,High-Value Customers
210106294,4495,Low-Value Customers
210106295,4000,High-Value Customers
210106296,3810,Low-Value Customers
210106297,4455,High-Value Customers
210106298,4480,Low-Value Customers
210106299,4480,Low-Value Customers
210106300,4410,High-Value Customers
210106301,4000,Medium-Value Customers
210106302,4435,High-Value Customers
210106303,4150,High-Value Customers
210106306,4430,Low-Value Customers
210106308,4525,High-Value Customers
210106310,4150,Occasional Customers
210106311,4050,High-Value Customers
210106313,4455,High-Value Customers
210106316,4000,High-Value Customers
210106317,4050,High-Value Customers
210106319,4420,Low-Value Customers
210106320,4000,High-Value Customers
210106321,4780,Occasional Customers
210106322,4430,Low-Value Customers
210106324,4000,Medium-Value Customers
210106325,4050,Medium-Value Customers
210106327,4404,High-Value Customers
210106328,4200,Medium-Value Customers
210106329,4150,Occasional Customers
210106330,4430,Occasional Customers
210106331,4835,Medium-Value Customers
210106332,4435,Medium-Value Customers
210106335,4000,Low-Value Customers
210106336,4000,High-Value Customers
210106338,4050,Low-Value Customers
210106339,4000,Low-Value Customers
210106342,4050,Medium-Value Customers
210106346,4590,High-Value Customers
210106347,4455,Occasional Customers
210106348,4150,Occasional Customers
210106349,4560,Low-Value Customers
210106350,4150,Low-Value Customers
210106352,5050,Low-Value Customers
210106355,4469,High-Value Customers
210106356,4435,Low-Value Customers
210106357,4150,High-Value Customers
210106358,4450,Occasional Customers
210106360,4450,High-Value Customers
210106361,4000,Low-Value Customers
210106364,4430,Medium-Value Customers
210106365,4400,Medium-Value Customers
210106366,4100,High-Value Customers
210106367,3700,Medium-Value Customers
210106368,4470,Occasional Customers
210106369,4580,Medium-Value Customers
210106371,4000,Low-Value Customers
210106372,4740,High-Value Customers
210106373,4560,Low-Value Customers
210106374,4805,Medium-Value Customers
210106375,4580,Occasional Customers
210106376,4550,High-Value Customers
210106377,4100,High-Value Customers
210106378,4050,High-Value Customers
210106379,4820,High-Value Customers
210106380,4580,Medium-Value Customers
210106382,4435,Low-Value Customers
210106383,4050,Occasional Customers
210106384,4740,Medium-Value Customers
210106385,4800,Medium-Value Customers
210106386,4000,High-Value Customers
210106387,4455,Low-Value Customers
210106390,5110,High-Value Customers
210106391,4450,Occasional Customers
210106392,3810,Low-Value Customers
210106397,4925,Medium-Value Customers
210106429,4450,Occasional Customers
210106430,4405,Occasional Customers
210106434,4465,Medium-Value Customers
210106437,4100,Occasional Customers
210106438,4430,Low-Value Customers
210106440,4100,High-Value Customers
210106441,4560,Low-Value Customers
210106443,4350,Medium-Value Customers
210106444,4400,Low-Value Customers
210199902,3500,High-Value Customers
210199903,3800,High-Value Customers
210199904,5000,Occasional Customers
210199907,4715,Medium-Value Customers
210199908,5370,Occasional Customers
210199912,4930,Occasional Customers
210199913,4445,Occasional Customers
210199914,4350,Occasional Customers
210199915,4600,Occasional Customers
210199916,4480,Occasional Customers
210199921,4750,Occasional Customers
210199922,3004,Low-Value Customers
210199928,4100,Occasional Customers
210199937,4520,Occasional Customers
210199949,4404,Occasional Customers
